booking_id,user_id,room_id,check_in_date,check_out_date,total_price
737c29d1-3290-4178-936c-3c767ea4abc5,0c433f84-8c03-4219-9a75-89db3c7dcf7d,5480dedd-9226-41b4-8f98-21f7c3886f98,2024-08-25,2024-08-31,463.89
275e4478-e104-49a6-a486-b305cb75e392,b86047d9-bd0d-4932-aa8e-0e96ac5a3bd1,3ce916ac-db0d-4b05-a896-3d0ca381e521,2024-08-20,2024-08-22,319.86
51f07be5-6f75-45b4-8049-33f8745a8886,57712cfc-49f1-4171-831f-05d3d7397885,1b711e26-e27b-4acc-9330-9bcdebed1935,2024-08-17,2024-08-18,815.79
5c139515-3878-46d5-b03c-f9ce40b5d03f,d04d996e-2ded-4792-b139-722fe85b863e,b0d65d0d-8a56-446a-b278-ba4f224016bc,2024-08-15,2024-08-21,130.81
76d99214-d26e-48d5-96b5-a00379e0233f,613e9275-1a47-42af-8f1f-97ba9f787376,ed51b09f-94f4-41e1-a502-9a4231a2f81b,2024-09-13,2024-09-15,1868.17
0cede735-8cae-44e6-84f9-0aac552a651c,3f38dd5b-61d8-4c41-853c-d98f2214a6b7,cf1b443d-55a8-4750-8b9b-7628e4496ec8,2024-11-12,2024-11-16,1552.53
42e76c64-020e-4495-babf-d792ded2e266,76d50a95-3755-4949-b382-e1f24a1365e8,bf8d1cc3-96cd-4625-b74c-d86c02cce806,2024-11-03,2024-11-07,930.88
a1cc34d7-d859-4a7a-9b4d-d00b65f2cef6,311093f8-bc51-47a1-8cdf-ab7df76debac,7b0f7957-1df2-4ef4-b758-5992743bad84,2024-09-15,2024-09-18,1812.51
e53c48e4-91e0-4237-9f57-c6e99015405c,1638c38a-cd3c-4e9e-9950-510bd9d86b7f,78e0315c-ade7-4ec7-b555-3d8d691bd835,2024-10-14,2024-10-19,1177.94
c0d69531-d2db-433b-9ab1-93b6ed1e32e0,242f0a81-43b4-4689-878c-d12eb6b6c015,ed51b09f-94f4-41e1-a502-9a4231a2f81b,2024-09-13,2024-09-15,1710.29
a33bfcec-3a6e-4f3f-8902-d4949415fd97,76d50a95-3755-4949-b382-e1f24a1365e8,9c60bea5-5cd6-40be-890a-d917b15d84ae,2024-09-01,2024-09-04,1546.09
06c6bda3-25e1-4f2e-a7f2-279b5b2e4b8f,f3cf1c49-1f68-4723-a89b-a12984a3329d,72afa49f-04c1-43e9-ba24-bbed45d17d8f,2024-09-18,2024-09-25,1242.42
d341e917-598c-4150-b908-e0220392c26a,09e89f91-1abc-4476-a7a5-25b37b021d60,826af4dc-384f-4757-a659-5efcc4463981,2024-08-26,2024-08-28,1395.59
0b2e1341-1ec9-4d76-8a82-47014e2003e1,b762809b-001f-467d-8ffb-f7eba019063d,4125dc2f-bcff-4258-9802-9d53dfdfacee,2024-10-03,2024-10-04,449.21
f6afeb13-f084-47ab-a506-701fe51147a2,0e6f132b-a944-4ccf-9077-62414abf0d43,a3797183-ba3d-40d2-812f-78a7bbee9f1e,2024-11-12,2024-11-14,1641.79
df457ac2-52ac-436d-888f-cd9db7e778fb,936d6d67-5eff-41f6-b2a4-b95d1c619057,a2794be5-f17e-4883-8842-9e4d51cc7dba,2024-11-07,2024-11-13,1218.33
1217c710-6780-452d-bec8-9847b4e8b7e2,a39ba054-d86e-455b-817d-979f658be4b2,cecacf2a-9a50-49db-9324-2fbe71c949b9,2024-11-29,2024-12-05,329.32
5f0d4244-3da6-48cf-b36f-794788178ba9,2625a7d9-abbd-4206-9ec4-b1dadabc94aa,27938e4c-1023-49d9-909f-2a84799c328a,2024-08-29,2024-08-30,522.58
d9adb8d4-6a8d-44fb-a950-54fe87eeef81,242f0a81-43b4-4689-878c-d12eb6b6c015,121f6730-051d-49d2-81cd-3a75b320c6b1,2024-08-15,2024-08-16,1456.55
a55f010a-aa38-4e75-aa1c-7ce841781741,ef6ee036-b15a-4db0-930b-2aeea5def099,826af4dc-384f-4757-a659-5efcc4463981,2024-11-12,2024-11-14,1606.28
63589d19-6344-4434-b97d-56dd9db063ca,5268a1ed-0099-4998-ab10-77c00846c81e,238ee27d-1684-4c3a-ba03-1fed5c8dead8,2024-08-28,2024-08-31,1067.62
7bed26b8-823d-471c-a26d-6acf896523bf,80c52be6-ce55-4f9b-8362-4d1acb130609,0c1d2fe4-ca22-4f02-9595-31b9aad31573,2024-10-27,2024-11-02,1864.35
cc2bea55-d885-4045-b76e-8bb7a34a1dd5,f22a05f3-9bc7-4f40-ab8f-02ec5f2111c9,0995b1b4-bc9a-4fd3-a3fc-6aa7abb0f7d9,2024-09-24,2024-09-29,314.23
b94dde11-264d-4402-a9c2-12a3a0a85989,ed5eaac1-bfef-41a8-89cb-870c01b3805e,826af4dc-384f-4757-a659-5efcc4463981,2024-08-06,2024-08-08,1580.8
56cce9d3-5421-4b34-bbc2-964cb7177bb9,bb902a71-1c75-4a7c-b54e-f5060d91d44d,7def028d-c271-469e-845c-4afef37ccc75,2024-09-15,2024-09-22,336.25
766c2d7e-29b0-4ba1-892b-96878410c395,f6d6a767-f57e-4bc1-926f-dc0641719410,1b711e26-e27b-4acc-9330-9bcdebed1935,2024-08-24,2024-08-30,780.46
5a71aa29-970c-457e-8512-942994aae0bf,ad1d0dd4-4fc0-4b1e-93a8-af87c1be93af,bf8d1cc3-96cd-4625-b74c-d86c02cce806,2024-10-31,2024-11-06,404.01
e69496be-b68d-4384-b5d6-ad31342a779a,97463831-3596-43f5-bfcf-73cbaa6a50e6,0c1d2fe4-ca22-4f02-9595-31b9aad31573,2024-10-07,2024-10-09,650.31
29b81fc9-436e-4e88-94a5-d40260347fa4,bbfd0299-8eef-4aac-8671-03390591ae7f,e16d24c0-ad81-4663-a743-243b6249a86c,2024-09-18,2024-09-22,851.71
f2c37b8e-1e89-4c46-ba43-531653a8900a,5268a1ed-0099-4998-ab10-77c00846c81e,e16d24c0-ad81-4663-a743-243b6249a86c,2024-08-26,2024-08-29,716.41
e2256714-5e5c-469e-990f-5ae033bd2241,6fe02717-baec-466b-a10b-e448e4f9fbe5,11b6e818-49be-4010-9d54-8218aae482e9,2024-08-17,2024-08-21,337.65
3c99918d-da0e-4f22-ab56-638bf5561e55,242f0a81-43b4-4689-878c-d12eb6b6c015,27938e4c-1023-49d9-909f-2a84799c328a,2024-11-02,2024-11-09,348.09
280fb328-84b9-4b98-bcef-9485830a967d,96da8e12-cf25-485c-9bfc-d46dd8013b4f,3ce916ac-db0d-4b05-a896-3d0ca381e521,2024-10-06,2024-10-07,235.48
a3ab1a9e-0963-4f74-a573-8625558e7e9f,1ed06079-4f2e-4603-a133-ba1f9041fc93,ed51b09f-94f4-41e1-a502-9a4231a2f81b,2024-10-26,2024-10-31,889.75
58e55d4e-3ffe-49db-af8f-39c2c59d8bbc,763a5b1a-e937-46c9-9e73-84442cdf4816,3a68b6d1-5640-4d41-82ed-1233313945fd,2024-10-07,2024-10-11,1805.3
871a2e8c-34b2-411c-830c-df161454540b,f9b3f0a8-b4f9-4292-b5eb-e2bc193c5906,b74ccba4-e2f6-449c-ba49-94d659911d29,2024-10-25,2024-10-29,1703.13
7db84b30-3279-4f0e-8ad1-5a511ac39276,0c433f84-8c03-4219-9a75-89db3c7dcf7d,f13c1117-d870-49c9-b177-f402cfc37775,2024-10-30,2024-11-05,1586.31
f377fdc7-9f73-4499-bcc1-9634e21be42c,a9207735-78d3-4aa9-9ac4-49e3e2187a2f,9003e9c2-9df7-45f4-9338-5652e7dd2603,2024-09-20,2024-09-25,1650.83
cd9e1350-05dc-4cc1-a41d-7b7472fbb3f6,a9207735-78d3-4aa9-9ac4-49e3e2187a2f,a2794be5-f17e-4883-8842-9e4d51cc7dba,2024-08-10,2024-08-15,246.49
a3799e5c-abd6-4910-afec-ff8f32aa5a05,67d397d1-f2a1-490d-87cc-0ab2a4e1f68c,bf8d1cc3-96cd-4625-b74c-d86c02cce806,2024-09-09,2024-09-13,782.53
6bcb80d9-5c94-4c0d-a301-79944ad6207a,49449e07-1f2e-4ad1-9795-e3655fb76d7b,a3797183-ba3d-40d2-812f-78a7bbee9f1e,2024-08-16,2024-08-20,428.63
a157f2c5-1b95-47af-a919-0a0b8c95c6af,a39ba054-d86e-455b-817d-979f658be4b2,0066e4b6-9d41-4b91-b35e-a41d0958680e,2024-08-14,2024-08-17,1820.26
e6497398-13e3-4d00-9918-65e03ed871a1,478290ce-83b0-4296-8bc4-aacb98b99a90,e16d24c0-ad81-4663-a743-243b6249a86c,2024-08-29,2024-09-03,1778.85
a3de2b9d-d1ed-445b-8a1e-21aae47c6e1f,1638c38a-cd3c-4e9e-9950-510bd9d86b7f,5480dedd-9226-41b4-8f98-21f7c3886f98,2024-08-28,2024-09-02,1615.7
aa824009-9d3e-4c77-b1b4-f5b85b0f35a1,a39f559e-7a68-44aa-9a8d-b5c979341c08,5dc648d4-8a8a-4df0-ac0c-bc86159b52ce,2024-09-13,2024-09-15,1834.11
2e7a510d-3268-475e-8f69-d454fabc922f,235f84b8-feb0-4c04-bf52-3447b13d3bec,b74ccba4-e2f6-449c-ba49-94d659911d29,2024-10-30,2024-11-03,1834.29
681db117-9341-490a-a39a-9c5608d2f93a,48d0cdd5-9dde-418c-898c-3420c52fb415,5480dedd-9226-41b4-8f98-21f7c3886f98,2024-09-13,2024-09-19,278.45
ba466dd8-38b1-4c53-98c2-cace8eff1280,bd47587a-f71c-4073-bce6-c0bc73c10157,adc0a5b6-a94a-4467-8380-31cebf520ec0,2024-10-25,2024-10-28,954.37
8aa1111a-d679-46a4-9e27-71417b8804c0,5206a1fc-bffe-42aa-8d2c-c3707336d24c,cf1b443d-55a8-4750-8b9b-7628e4496ec8,2024-09-17,2024-09-21,828.61
5f37ad26-f081-4760-b192-8b0c81cf91c3,48d0cdd5-9dde-418c-898c-3420c52fb415,0066e4b6-9d41-4b91-b35e-a41d0958680e,2024-10-18,2024-10-24,446.09
e0f61b65-e377-41ac-bbba-34f1ed30ccd3,f8beff84-7c58-41b1-9866-c41822fa0ad2,121f6730-051d-49d2-81cd-3a75b320c6b1,2024-10-01,2024-10-08,1778.18
803ed2ec-4b65-4b76-a98d-d501d90261c2,4a4e74a7-2108-4aee-90c0-257c6c00e533,7e0c0c9d-29b5-4de1-b3d6-5764d5e1e2e0,2024-09-18,2024-09-22,1489.39
f6a337c2-59b9-4836-a43b-ce10e8c61418,5acd2119-4f87-4d8b-810e-1120f2c37d38,b0d65d0d-8a56-446a-b278-ba4f224016bc,2024-09-13,2024-09-14,877.15
0712e8f8-e108-48c7-829b-1304cfb53c82,b3cba6ed-e60f-4f9a-8353-223f7fbd70b2,e16d24c0-ad81-4663-a743-243b6249a86c,2024-08-21,2024-08-27,1129.66
b7063fa8-7a78-4ec6-81b3-ed67ae3a7e8c,75de28c5-2cf8-44c5-86be-18d5938465d1,1b711e26-e27b-4acc-9330-9bcdebed1935,2024-11-16,2024-11-20,1404.4
4c69ae2b-7400-4c3d-a351-70c366d1bb8f,076d59d0-e932-4346-9750-6dee3153369d,11b6e818-49be-4010-9d54-8218aae482e9,2024-11-26,2024-11-28,345.18
87b9dd7b-60f6-4524-9bc6-fccf3acd1f4c,763a5b1a-e937-46c9-9e73-84442cdf4816,1b711e26-e27b-4acc-9330-9bcdebed1935,2024-08-13,2024-08-16,1265.16
8ca342ec-0ed2-4f4a-aee1-d5dca99f1e75,80c52be6-ce55-4f9b-8362-4d1acb130609,eeea0ec1-d265-4838-bfdd-32d7b9878caf,2024-11-04,2024-11-06,431.84
2a04b620-fecc-49a3-a5d0-260d715c70ab,3f38dd5b-61d8-4c41-853c-d98f2214a6b7,3f0cf191-3237-4332-ac1e-9ea0f79d5c55,2024-10-07,2024-10-08,1192.4
093a8b5e-056f-4821-8336-ac19b12235c2,7cb8f38f-4b9a-4730-8e02-7b8ffc6449c8,238ee27d-1684-4c3a-ba03-1fed5c8dead8,2024-11-03,2024-11-08,691.62
8a9885a7-28cd-4d6b-b5ea-d1c109d1fcae,58de52f4-fc50-4dd6-b258-fa8073b352a6,0066e4b6-9d41-4b91-b35e-a41d0958680e,2024-10-22,2024-10-27,1691.28
52a6e510-e759-4888-9519-4656799fe72b,242f0a81-43b4-4689-878c-d12eb6b6c015,3ce916ac-db0d-4b05-a896-3d0ca381e521,2024-10-09,2024-10-14,1553.23
f3f55299-f25f-4817-9c40-b5eaa062146b,80c52be6-ce55-4f9b-8362-4d1acb130609,4a4115b7-2e52-4ec5-8215-ada7e86ee58c,2024-10-28,2024-11-04,126.08
1e077634-a0c4-4ff4-970e-4201fa9f00ea,af8a1b96-27a1-42c6-9ff8-c64253c21ae9,7112d43e-e076-4633-8d78-544109aa6367,2024-11-22,2024-11-29,1064.39
38f45356-5268-497c-a76f-491ce4edcf34,478290ce-83b0-4296-8bc4-aacb98b99a90,4a4115b7-2e52-4ec5-8215-ada7e86ee58c,2024-10-21,2024-10-23,1876.13
a8c560d5-7edc-4a4d-a673-3588e462bda5,32b5e257-19cb-4be4-a30d-e3d383e52272,219683e0-9dde-4a3a-be82-6aa6ca5f6b27,2024-11-20,2024-11-21,592.01
f8209c77-9678-45c8-80a6-5988d5ad3a08,0c433f84-8c03-4219-9a75-89db3c7dcf7d,18379e77-96a8-472c-9876-51dcc89df1cb,2024-09-06,2024-09-10,1489.97
41d3bdda-02b2-4067-aca9-ba62fbd2d044,d04d996e-2ded-4792-b139-722fe85b863e,eeea0ec1-d265-4838-bfdd-32d7b9878caf,2024-11-02,2024-11-09,1840.26
8d0c62df-16bb-406a-92ce-53e96880b864,5268a1ed-0099-4998-ab10-77c00846c81e,826af4dc-384f-4757-a659-5efcc4463981,2024-10-09,2024-10-15,1649.71
6b726bc8-6f6c-46fa-b319-4b50b9efe6ed,1830de10-52af-4f0b-98ef-10b65ca162d5,ed51b09f-94f4-41e1-a502-9a4231a2f81b,2024-08-18,2024-08-20,1786.44
9ddbd989-e322-459e-aa70-a9073c6f4cd7,b9693219-cd0e-4c10-bddc-0bcd615f095d,121f6730-051d-49d2-81cd-3a75b320c6b1,2024-10-15,2024-10-21,367.1
8b864af4-e0d8-4570-8069-8346f3fef448,bc92768f-4f96-4f70-b0e4-170c47940775,f13c1117-d870-49c9-b177-f402cfc37775,2024-09-01,2024-09-02,1305.81
bb65dbda-1426-486a-a426-10e4da2b7858,67d397d1-f2a1-490d-87cc-0ab2a4e1f68c,4a4115b7-2e52-4ec5-8215-ada7e86ee58c,2024-10-07,2024-10-11,1648.8
4c9b8cab-8734-4c09-ab59-5d0442bd6846,57712cfc-49f1-4171-831f-05d3d7397885,9c2c0e5b-269f-465d-aca7-a1f1e27af212,2024-09-18,2024-09-24,1639.79
262c33a4-9ef3-45aa-984d-19db9cedc5a2,a2ad22a2-3326-498c-a9c0-9ced5aad172f,9f86d97e-cefa-430b-ad84-4fc929f45da7,2024-10-30,2024-11-06,961.49
0be87f30-7b9a-4d18-964a-448b6d1ab329,311093f8-bc51-47a1-8cdf-ab7df76debac,18379e77-96a8-472c-9876-51dcc89df1cb,2024-11-13,2024-11-14,252.62
e2a45a6b-43e3-48ee-863d-2b3f02ad51ad,5206a1fc-bffe-42aa-8d2c-c3707336d24c,a3797183-ba3d-40d2-812f-78a7bbee9f1e,2024-08-19,2024-08-24,589.9
e4813178-0f76-461e-ab81-a0549cb9e8d8,20df5021-2a44-4ce6-9419-fa4cf8bc587f,e16d24c0-ad81-4663-a743-243b6249a86c,2024-08-25,2024-08-28,193.66
6bd64b0d-338c-4a02-87e6-c7eebc574ee7,1830de10-52af-4f0b-98ef-10b65ca162d5,3f0cf191-3237-4332-ac1e-9ea0f79d5c55,2024-11-09,2024-11-12,1865.66
8607428b-d98a-4974-bfc9-7d8f49509df0,ed5eaac1-bfef-41a8-89cb-870c01b3805e,7ca32614-3291-4942-94b5-9b9626066aad,2024-11-22,2024-11-26,1268.16
a8c87066-9a1e-49e1-a174-54089d9aca15,55958ca0-5767-4823-aa5a-f5b7c90ea749,29c31aab-6ce2-429f-9979-ef5027856b69,2024-09-18,2024-09-19,914.12
47448264-42e9-4465-b2ea-2029f8464723,c01b5d7f-de99-4464-b170-e3ef650af5fe,11b6e818-49be-4010-9d54-8218aae482e9,2024-11-26,2024-11-28,843.7
0779e2c8-29a0-4aa8-83c4-3da2819cd348,c01b5d7f-de99-4464-b170-e3ef650af5fe,ed51b09f-94f4-41e1-a502-9a4231a2f81b,2024-09-21,2024-09-27,1019.76
0d094d87-66df-44c4-876e-c7c882b3b9c6,67d397d1-f2a1-490d-87cc-0ab2a4e1f68c,b74ccba4-e2f6-449c-ba49-94d659911d29,2024-10-14,2024-10-15,1571.29
514f79ba-95da-4a5c-8233-d668f17828dd,0c433f84-8c03-4219-9a75-89db3c7dcf7d,a2794be5-f17e-4883-8842-9e4d51cc7dba,2024-10-04,2024-10-06,1720.7
93febd68-6f87-42fc-af3e-6411566b5ec7,242f0a81-43b4-4689-878c-d12eb6b6c015,72afa49f-04c1-43e9-ba24-bbed45d17d8f,2024-09-25,2024-09-27,109.09
15145dc4-1d80-4b14-8c80-634219a0c3a8,bbfd0299-8eef-4aac-8671-03390591ae7f,ebb1bbb6-26d3-4523-9fb0-a23871e87c42,2024-09-26,2024-10-02,1751.52
ae306d0e-2f68-4833-ab6d-8ba90c7452d5,97463831-3596-43f5-bfcf-73cbaa6a50e6,c36da517-906a-40de-9582-0780f13dc473,2024-09-05,2024-09-12,395.6
1bcb3795-0e45-4f1b-8549-b5d121970de3,0956151c-3c89-41da-9ef0-878296708064,cf1b443d-55a8-4750-8b9b-7628e4496ec8,2024-11-10,2024-11-13,643.16
df4cf230-4341-4239-b887-6c5efb8ea90c,d04d996e-2ded-4792-b139-722fe85b863e,a3797183-ba3d-40d2-812f-78a7bbee9f1e,2024-08-13,2024-08-14,1262.95
a5e0e63b-cd33-45c7-bb36-6359cf4ee44b,ef6ee036-b15a-4db0-930b-2aeea5def099,adc0a5b6-a94a-4467-8380-31cebf520ec0,2024-10-12,2024-10-19,1985.19
2237de49-80b9-4178-b102-c6b8a14a15af,5268a1ed-0099-4998-ab10-77c00846c81e,b74ccba4-e2f6-449c-ba49-94d659911d29,2024-08-12,2024-08-17,631.0
9b6261e9-1740-44dd-a9c9-6c08823a7e33,80c52be6-ce55-4f9b-8362-4d1acb130609,5480dedd-9226-41b4-8f98-21f7c3886f98,2024-08-30,2024-09-06,1210.31
c0b064c5-e0fe-4926-96f6-2a4b29953d2c,2f9d8a08-f637-4944-b28c-ad26f846ea59,c921b66f-9e16-4edd-b28e-7411be47d223,2024-11-13,2024-11-14,589.39
19dc1d85-73b2-4891-a5be-eff8a6373377,32b5e257-19cb-4be4-a30d-e3d383e52272,a3797183-ba3d-40d2-812f-78a7bbee9f1e,2024-08-19,2024-08-20,1040.7
8adabee4-b1c1-4bc0-a4a3-377fffee67ea,891524ed-f789-4f62-97cb-d31f439e3d64,86e36f5f-1e7a-4217-aae8-50ed692a55e8,2024-10-30,2024-11-03,293.28
9d022ee3-82d1-45ac-97f4-2cc01481934c,936d6d67-5eff-41f6-b2a4-b95d1c619057,11b6e818-49be-4010-9d54-8218aae482e9,2024-10-13,2024-10-20,490.05
2c7ddf74-f0a2-45ae-af02-3aff9a7adc73,24f1ac96-fb88-43ed-a3fd-4aac911f6d5d,3ce916ac-db0d-4b05-a896-3d0ca381e521,2024-10-19,2024-10-23,1024.96
73b473bf-3512-4406-8f74-5178466c1e52,60f08c5d-c8c5-4f16-b87d-5fe714909ce2,bf8d1cc3-96cd-4625-b74c-d86c02cce806,2024-11-04,2024-11-07,663.36
1b12307c-20d0-4af3-a7a7-d903e4548ab4,76d50a95-3755-4949-b382-e1f24a1365e8,a3797183-ba3d-40d2-812f-78a7bbee9f1e,2024-08-28,2024-09-01,217.79
dc65aa10-8357-4154-a31b-156ce12370f5,76d50a95-3755-4949-b382-e1f24a1365e8,ebb1bbb6-26d3-4523-9fb0-a23871e87c42,2024-11-16,2024-11-23,1958.7
42f06052-5736-419c-8336-048b18d4f527,3f38dd5b-61d8-4c41-853c-d98f2214a6b7,9c2c0e5b-269f-465d-aca7-a1f1e27af212,2024-11-28,2024-12-01,1219.12
d5056977-ea0c-409e-8e16-9a3d1dcbb1cb,26a2d9ce-0b2a-4c42-86b0-d7e4e875e799,a2794be5-f17e-4883-8842-9e4d51cc7dba,2024-11-15,2024-11-17,1464.82
e4ce5bf9-5e69-46b4-b9c4-f5a477b16ca2,04a72269-6ee7-4fe8-9f4b-3cf7f26f700a,86e36f5f-1e7a-4217-aae8-50ed692a55e8,2024-10-20,2024-10-25,699.74
d1278ab9-9864-4615-989c-1e444dcb4415,af8a1b96-27a1-42c6-9ff8-c64253c21ae9,0066e4b6-9d41-4b91-b35e-a41d0958680e,2024-11-08,2024-11-12,1878.85
755ec763-1a49-485c-8d56-48f4f259e846,242f0a81-43b4-4689-878c-d12eb6b6c015,cf1b443d-55a8-4750-8b9b-7628e4496ec8,2024-10-23,2024-10-27,1691.88
be0976ff-dd81-4087-9100-5e7dc6233d91,242f0a81-43b4-4689-878c-d12eb6b6c015,11b6e818-49be-4010-9d54-8218aae482e9,2024-08-19,2024-08-24,570.05
d05c3a32-103c-47b5-b8f7-2c57ca6b3bbf,07c0f6a0-a265-4d5d-9d8e-506e8b9f628a,b70866ae-e28e-4465-9b79-0761d7677535,2024-08-26,2024-08-29,957.69
f7bbd5d7-60d5-4c26-8b3d-747cd8f653d8,f2b4d23c-db76-40f6-acea-53273b91b52e,7b0f7957-1df2-4ef4-b758-5992743bad84,2024-10-14,2024-10-17,367.84
a73941cf-92b9-4c18-b0f4-bc14f1f72c37,1830de10-52af-4f0b-98ef-10b65ca162d5,0c1d2fe4-ca22-4f02-9595-31b9aad31573,2024-11-27,2024-11-28,1808.21
a23ec8a0-860a-406c-8a12-b4764575a5a8,bb50bc41-bec4-40d5-8045-8dd9c9ad1908,5480dedd-9226-41b4-8f98-21f7c3886f98,2024-10-04,2024-10-06,1707.33
c73a14f6-c07a-404d-ba40-483544264df9,57712cfc-49f1-4171-831f-05d3d7397885,bf8d1cc3-96cd-4625-b74c-d86c02cce806,2024-10-24,2024-10-25,616.85
76a94de6-ba32-4611-b0c8-29a626d390f8,ad1d0dd4-4fc0-4b1e-93a8-af87c1be93af,238ee27d-1684-4c3a-ba03-1fed5c8dead8,2024-10-06,2024-10-08,1514.3
d70b0da7-9e9c-4f17-8ca6-3991b4c3c90a,57712cfc-49f1-4171-831f-05d3d7397885,4125dc2f-bcff-4258-9802-9d53dfdfacee,2024-09-15,2024-09-16,1658.17
4d1569e2-044a-4a52-b171-adb7c998283d,72db9b66-ba4e-4f38-972c-76814499335c,826af4dc-384f-4757-a659-5efcc4463981,2024-08-06,2024-08-11,888.5
0deab1d7-6edd-4321-80d9-128427f9b049,ad1d0dd4-4fc0-4b1e-93a8-af87c1be93af,bf8d1cc3-96cd-4625-b74c-d86c02cce806,2024-09-28,2024-10-01,751.81
1dd898e0-0385-46d5-87c9-526eee7df790,b31eb87d-1c09-4b92-972e-c58daea847ac,adc0a5b6-a94a-4467-8380-31cebf520ec0,2024-09-13,2024-09-20,1416.78
0d634b92-c168-4e9d-a3f4-1458f16ad772,7cb8f38f-4b9a-4730-8e02-7b8ffc6449c8,a3797183-ba3d-40d2-812f-78a7bbee9f1e,2024-11-06,2024-11-09,878.63
7c20c567-e46b-454b-a07d-eb41e0389996,b31eb87d-1c09-4b92-972e-c58daea847ac,ebb1bbb6-26d3-4523-9fb0-a23871e87c42,2024-09-22,2024-09-25,1524.68
d52f4096-84b2-4c47-a666-c107a93ee901,b762809b-001f-467d-8ffb-f7eba019063d,eeea0ec1-d265-4838-bfdd-32d7b9878caf,2024-09-24,2024-09-30,123.65
296804b8-f378-4515-9c80-476b300a08fb,60f08c5d-c8c5-4f16-b87d-5fe714909ce2,78e0315c-ade7-4ec7-b555-3d8d691bd835,2024-11-20,2024-11-21,1378.03
02b5cdf2-d72a-4ffe-bf0c-b5c5b588af1a,bb50bc41-bec4-40d5-8045-8dd9c9ad1908,adc0a5b6-a94a-4467-8380-31cebf520ec0,2024-11-10,2024-11-14,1479.98
1323f1f3-8180-48ed-b57c-5cd460478991,242f0a81-43b4-4689-878c-d12eb6b6c015,27938e4c-1023-49d9-909f-2a84799c328a,2024-10-23,2024-10-28,189.24
5e3c949e-0ee7-46e8-899b-e950718f2152,8570ab90-d6ba-49d6-9407-ca56a209dba4,29c31aab-6ce2-429f-9979-ef5027856b69,2024-09-25,2024-09-26,1279.35
ca0ecd9f-3462-4843-9ca2-76459f165732,60f08c5d-c8c5-4f16-b87d-5fe714909ce2,3a68b6d1-5640-4d41-82ed-1233313945fd,2024-11-19,2024-11-22,878.02
f93a9581-807e-4cec-b859-20d84f0a8de1,f3cf1c49-1f68-4723-a89b-a12984a3329d,7def028d-c271-469e-845c-4afef37ccc75,2024-10-06,2024-10-11,1206.14
2f5260c0-87a3-41d7-bedc-ea8222db98ca,3f38dd5b-61d8-4c41-853c-d98f2214a6b7,cecacf2a-9a50-49db-9324-2fbe71c949b9,2024-09-22,2024-09-26,281.81
e4528854-6e3e-4c2b-b34d-7debd6ae7a87,f22a05f3-9bc7-4f40-ab8f-02ec5f2111c9,7e0c0c9d-29b5-4de1-b3d6-5764d5e1e2e0,2024-08-06,2024-08-07,1439.52
442ac175-1671-469d-872b-0e1fcccc08d8,4a4e74a7-2108-4aee-90c0-257c6c00e533,c921b66f-9e16-4edd-b28e-7411be47d223,2024-08-19,2024-08-21,1401.48
be9098ce-d2c4-4eca-837c-ed998371b549,311093f8-bc51-47a1-8cdf-ab7df76debac,238ee27d-1684-4c3a-ba03-1fed5c8dead8,2024-09-29,2024-10-01,1240.32
1cb3b17d-1fa1-4f5c-8f75-8a50879cd865,82b6a472-5f01-4a08-98c7-005a31433f08,9c2c0e5b-269f-465d-aca7-a1f1e27af212,2024-10-25,2024-10-27,368.21
0c02cd7d-d43f-467e-9afa-da35aada1e90,b6b65ef9-2608-4f87-9acb-67380bc612ae,c36da517-906a-40de-9582-0780f13dc473,2024-09-08,2024-09-15,187.69
a61b0feb-cdc5-4832-af07-eeb51196932e,04a72269-6ee7-4fe8-9f4b-3cf7f26f700a,adc0a5b6-a94a-4467-8380-31cebf520ec0,2024-08-12,2024-08-18,1698.86
495487e6-8d00-43bc-a402-70c2d8c40d40,8570ab90-d6ba-49d6-9407-ca56a209dba4,27938e4c-1023-49d9-909f-2a84799c328a,2024-10-21,2024-10-24,438.88
3e0307aa-d807-4355-9cbe-0efa9940e75b,c01b5d7f-de99-4464-b170-e3ef650af5fe,238ee27d-1684-4c3a-ba03-1fed5c8dead8,2024-08-12,2024-08-13,387.47
b9eddbeb-d59b-4024-b8f4-d37e45b61765,a39f559e-7a68-44aa-9a8d-b5c979341c08,9003e9c2-9df7-45f4-9338-5652e7dd2603,2024-08-14,2024-08-16,1251.29
c564d13a-da61-4a23-b6f0-56b7780857d7,8570ab90-d6ba-49d6-9407-ca56a209dba4,0c1d2fe4-ca22-4f02-9595-31b9aad31573,2024-10-04,2024-10-10,291.62
eb2063f1-afae-4134-ae7d-e72d18cf7317,7dcbe9e1-eaaf-4fc8-85e9-f32809af45a7,cf1b443d-55a8-4750-8b9b-7628e4496ec8,2024-08-28,2024-08-29,952.53
b231ed76-811d-42b7-bee6-63bf3bad01bc,b31eb87d-1c09-4b92-972e-c58daea847ac,9c60bea5-5cd6-40be-890a-d917b15d84ae,2024-09-04,2024-09-10,1825.8
850b5594-02b8-4319-b8fb-11ab6208dcd3,b3cba6ed-e60f-4f9a-8353-223f7fbd70b2,cecacf2a-9a50-49db-9324-2fbe71c949b9,2024-09-11,2024-09-18,636.21
303c3729-446b-4611-bd95-aaaca251e3e2,763a5b1a-e937-46c9-9e73-84442cdf4816,7b0f7957-1df2-4ef4-b758-5992743bad84,2024-10-01,2024-10-06,1848.46
8b705232-fb85-4f60-8412-e194c67b2176,5acd2119-4f87-4d8b-810e-1120f2c37d38,ebb1bbb6-26d3-4523-9fb0-a23871e87c42,2024-10-30,2024-11-02,373.68
1aa1627a-8f09-495e-9139-8fe9c1efc5b0,5268a1ed-0099-4998-ab10-77c00846c81e,bf8d1cc3-96cd-4625-b74c-d86c02cce806,2024-08-09,2024-08-16,1708.68
5c7ba46d-8546-4207-9ed5-5d8da9d47e40,bb902a71-1c75-4a7c-b54e-f5060d91d44d,b74ccba4-e2f6-449c-ba49-94d659911d29,2024-11-21,2024-11-25,283.38
65458e83-416d-40b5-88fb-ea6b1129f662,af8a1b96-27a1-42c6-9ff8-c64253c21ae9,b0d65d0d-8a56-446a-b278-ba4f224016bc,2024-10-30,2024-11-04,601.34
c429aab7-4ed1-46d9-bc44-32b38e5dd49e,20df5021-2a44-4ce6-9419-fa4cf8bc587f,219683e0-9dde-4a3a-be82-6aa6ca5f6b27,2024-11-29,2024-12-03,863.72
619fe0c9-7cb4-4b81-9ea9-531b05d98338,96da8e12-cf25-485c-9bfc-d46dd8013b4f,9c2c0e5b-269f-465d-aca7-a1f1e27af212,2024-08-19,2024-08-20,1061.6
5ee1bd87-01d2-4a9a-9d6b-0a2b95ff675d,b31eb87d-1c09-4b92-972e-c58daea847ac,826af4dc-384f-4757-a659-5efcc4463981,2024-10-06,2024-10-11,1828.77
43cd069c-a91c-4ff7-89dd-d34ded39500c,2625a7d9-abbd-4206-9ec4-b1dadabc94aa,f13c1117-d870-49c9-b177-f402cfc37775,2024-11-27,2024-11-30,1384.49
34bc1de5-2308-46d1-85ab-5472693c345f,3f38dd5b-61d8-4c41-853c-d98f2214a6b7,86e36f5f-1e7a-4217-aae8-50ed692a55e8,2024-09-08,2024-09-10,1286.9
fb28e3a5-81e4-4197-b6dc-93eae74c261c,b86047d9-bd0d-4932-aa8e-0e96ac5a3bd1,5480dedd-9226-41b4-8f98-21f7c3886f98,2024-09-28,2024-10-01,1325.69
d7712b01-61be-4298-920a-ef95eab8ffed,57712cfc-49f1-4171-831f-05d3d7397885,29c31aab-6ce2-429f-9979-ef5027856b69,2024-10-21,2024-10-28,1168.79
252d4637-53fc-4701-bb9e-d24d7e68de9f,f6d6a767-f57e-4bc1-926f-dc0641719410,cf1b443d-55a8-4750-8b9b-7628e4496ec8,2024-09-20,2024-09-23,350.0
07fe36c9-e3a2-4037-b667-7892ae04e0d1,b9693219-cd0e-4c10-bddc-0bcd615f095d,7b0f7957-1df2-4ef4-b758-5992743bad84,2024-11-23,2024-11-24,300.1
93a08bcc-26a7-4193-9a93-7665af8bb588,b31eb87d-1c09-4b92-972e-c58daea847ac,0995b1b4-bc9a-4fd3-a3fc-6aa7abb0f7d9,2024-09-21,2024-09-26,366.38
2de20817-f3e7-49c9-8a7b-a7458b8bda66,a9207735-78d3-4aa9-9ac4-49e3e2187a2f,b0d65d0d-8a56-446a-b278-ba4f224016bc,2024-08-18,2024-08-19,1827.8
755de94b-872d-488f-9efd-3fca21187c16,891524ed-f789-4f62-97cb-d31f439e3d64,9c2c0e5b-269f-465d-aca7-a1f1e27af212,2024-11-15,2024-11-22,1057.26
8f444ec9-172e-480e-8dbf-31afeb975dcb,1830de10-52af-4f0b-98ef-10b65ca162d5,7b0f7957-1df2-4ef4-b758-5992743bad84,2024-10-15,2024-10-20,614.46
9ce92f84-39cd-4b53-b314-c057388c9c15,415eb4e1-42ef-46ed-bf5b-85ed1a8b90e9,7ca32614-3291-4942-94b5-9b9626066aad,2024-10-25,2024-10-26,1781.8
62299641-341a-46cb-a420-5ce3179ee7ec,678b8777-ca70-431a-a260-99e170499586,1b711e26-e27b-4acc-9330-9bcdebed1935,2024-11-15,2024-11-18,1525.42
153775d8-f7b7-42c8-8c08-f4300a1f391f,09e89f91-1abc-4476-a7a5-25b37b021d60,18379e77-96a8-472c-9876-51dcc89df1cb,2024-11-19,2024-11-22,156.73
35039600-eb22-4bfc-96b6-a4b7bc51a9d6,47ab645f-b8b0-46f2-8b3d-fe81aed83714,3ce916ac-db0d-4b05-a896-3d0ca381e521,2024-10-21,2024-10-27,240.98
c46b7fdf-9b07-41f4-8aa5-14200b036520,24f1ac96-fb88-43ed-a3fd-4aac911f6d5d,4a4115b7-2e52-4ec5-8215-ada7e86ee58c,2024-11-09,2024-11-10,1047.17
23866077-b5e8-4bc8-ac00-2c005a3d7506,ad1d0dd4-4fc0-4b1e-93a8-af87c1be93af,9003e9c2-9df7-45f4-9338-5652e7dd2603,2024-08-15,2024-08-18,366.54
5fb373b2-c668-48fa-8ee7-8639b9735fb3,b6b65ef9-2608-4f87-9acb-67380bc612ae,e16d24c0-ad81-4663-a743-243b6249a86c,2024-08-15,2024-08-22,1155.9
7e273af3-79ea-4d27-9ad1-cc065eee89ed,47ab645f-b8b0-46f2-8b3d-fe81aed83714,7ca32614-3291-4942-94b5-9b9626066aad,2024-11-13,2024-11-15,1606.8
5eb52a50-7c7d-40fe-80f8-6eb93bd0de5e,f2b4d23c-db76-40f6-acea-53273b91b52e,ed51b09f-94f4-41e1-a502-9a4231a2f81b,2024-11-20,2024-11-26,1208.1
bf528940-10b2-4cf3-b67a-6427f16a33dd,43b2c4e7-7e48-4e52-b0c7-494f7e9493a9,3ce916ac-db0d-4b05-a896-3d0ca381e521,2024-11-04,2024-11-07,1298.72
938df343-3016-41b4-8f69-86476a000463,96da8e12-cf25-485c-9bfc-d46dd8013b4f,b74ccba4-e2f6-449c-ba49-94d659911d29,2024-11-12,2024-11-18,510.27
4a6d004a-8e27-4de2-81b1-59fd4202c40f,09b25320-0548-4190-95f4-6c1c11e2d3ee,b70866ae-e28e-4465-9b79-0761d7677535,2024-08-17,2024-08-23,1065.29
43c886d4-407e-4da5-9430-aa6acc10bec1,04a72269-6ee7-4fe8-9f4b-3cf7f26f700a,7def028d-c271-469e-845c-4afef37ccc75,2024-11-26,2024-11-30,1406.79
94b09156-640f-4c6b-982e-2a99f312864d,1830de10-52af-4f0b-98ef-10b65ca162d5,3f0cf191-3237-4332-ac1e-9ea0f79d5c55,2024-10-25,2024-10-29,1843.05
34e64257-3dd6-4d82-8e84-7da098ae7d3f,09b25320-0548-4190-95f4-6c1c11e2d3ee,7e0c0c9d-29b5-4de1-b3d6-5764d5e1e2e0,2024-11-15,2024-11-18,1551.54
969172bd-141e-40e0-8760-139338ab5a05,bccce325-ecd8-427f-b0cc-51fbc337e961,c36da517-906a-40de-9582-0780f13dc473,2024-09-07,2024-09-14,1531.1
850f9963-4054-4d9a-bc56-ca404db02ec7,10f8e4bc-cade-4ba8-98fc-a7de5e726650,9c60bea5-5cd6-40be-890a-d917b15d84ae,2024-08-09,2024-08-14,1944.92
d0368fe7-6328-4953-963e-3542999743a4,678b8777-ca70-431a-a260-99e170499586,3ce916ac-db0d-4b05-a896-3d0ca381e521,2024-10-11,2024-10-13,1701.86
984bf9b9-3251-4318-8034-fdbd70bfe18e,415eb4e1-42ef-46ed-bf5b-85ed1a8b90e9,ebb1bbb6-26d3-4523-9fb0-a23871e87c42,2024-08-08,2024-08-15,1214.16
92a8245c-b4d7-47d5-b820-945089879ce3,1638c38a-cd3c-4e9e-9950-510bd9d86b7f,826af4dc-384f-4757-a659-5efcc4463981,2024-09-12,2024-09-16,528.32
42bd32a6-ce49-49c6-9a02-c41a4ee6b14d,478290ce-83b0-4296-8bc4-aacb98b99a90,826af4dc-384f-4757-a659-5efcc4463981,2024-09-13,2024-09-20,1339.86
4b7ee90f-8469-4fc9-bc57-f6abb116a612,6fe02717-baec-466b-a10b-e448e4f9fbe5,ed51b09f-94f4-41e1-a502-9a4231a2f81b,2024-10-14,2024-10-15,1525.01
78a04237-ab30-443f-a899-7cc3dafd7b60,57712cfc-49f1-4171-831f-05d3d7397885,f13c1117-d870-49c9-b177-f402cfc37775,2024-10-29,2024-11-03,102.84
01854b6c-f7cb-4c9e-93c7-6c72be1456c7,75de28c5-2cf8-44c5-86be-18d5938465d1,86e36f5f-1e7a-4217-aae8-50ed692a55e8,2024-09-16,2024-09-23,1624.25
a0ef3a49-669b-47b9-822a-138a96f59c5e,0e6f132b-a944-4ccf-9077-62414abf0d43,86598b20-27b8-4f9e-bf88-7faded40626e,2024-11-22,2024-11-29,1771.57
669561be-9db3-4a10-a2e5-cab5ffe087de,09e89f91-1abc-4476-a7a5-25b37b021d60,219683e0-9dde-4a3a-be82-6aa6ca5f6b27,2024-11-27,2024-12-01,1031.74
8b30f271-2783-4ec6-ab0e-8fb7c88434f3,7a2774a5-1d45-4dbe-b50c-bf53654c68d6,219683e0-9dde-4a3a-be82-6aa6ca5f6b27,2024-11-03,2024-11-10,977.94
04520e69-18e7-4f65-885b-037ea00b7b5b,57712cfc-49f1-4171-831f-05d3d7397885,11b6e818-49be-4010-9d54-8218aae482e9,2024-09-27,2024-09-30,505.62
d9dc6e78-f7e7-4e34-bef3-73a998e8a2cf,1acc32d3-79f4-468e-913e-e0b0c2694f9e,f13c1117-d870-49c9-b177-f402cfc37775,2024-10-22,2024-10-27,780.07
200386a6-35c6-49f0-94ec-4f69f11199ab,678b8777-ca70-431a-a260-99e170499586,5480dedd-9226-41b4-8f98-21f7c3886f98,2024-10-19,2024-10-20,1225.1
651f9bb8-6745-4ca9-9f16-bb44ab169297,3eabfd75-dba9-4db7-a421-a290b1d986f2,27938e4c-1023-49d9-909f-2a84799c328a,2024-10-11,2024-10-17,841.74
269cdcf7-b670-46aa-a63e-41837ed3319d,b6b65ef9-2608-4f87-9acb-67380bc612ae,a3797183-ba3d-40d2-812f-78a7bbee9f1e,2024-08-18,2024-08-22,1223.13
877fd71a-4353-4aba-bcff-4b7c7a8e7e45,f9b3f0a8-b4f9-4292-b5eb-e2bc193c5906,c921b66f-9e16-4edd-b28e-7411be47d223,2024-10-28,2024-11-02,1310.9
dddfcf82-65f9-412c-a6d3-dfc9551841cd,80c52be6-ce55-4f9b-8362-4d1acb130609,11b6e818-49be-4010-9d54-8218aae482e9,2024-11-28,2024-12-01,1223.99
55baf0ec-422a-476d-b536-cf18d6736a61,170c6561-d776-43d6-a566-0aa8a2762f45,18379e77-96a8-472c-9876-51dcc89df1cb,2024-08-31,2024-09-03,1816.43
05c1d1c4-c368-49d2-99a4-7f51cdd571ff,60f08c5d-c8c5-4f16-b87d-5fe714909ce2,11b6e818-49be-4010-9d54-8218aae482e9,2024-09-05,2024-09-08,421.18
44ead7d8-f448-45b4-bd7a-4edab7bc0e01,159f892c-9121-47bb-bb47-1bef6bd9bcc3,7e0c0c9d-29b5-4de1-b3d6-5764d5e1e2e0,2024-11-19,2024-11-22,646.32
aa93bf48-6720-4030-b949-80f38aa32645,96da8e12-cf25-485c-9bfc-d46dd8013b4f,78e0315c-ade7-4ec7-b555-3d8d691bd835,2024-09-29,2024-10-05,950.68
7fa3688f-6f51-4ba6-8b18-59256ec6c9c8,91970033-9ea8-4944-a57f-dc997602d5cb,3ce916ac-db0d-4b05-a896-3d0ca381e521,2024-08-10,2024-08-13,767.18
199b9853-41c4-4d57-bd58-5c0c8f30ae9d,a9207735-78d3-4aa9-9ac4-49e3e2187a2f,29c31aab-6ce2-429f-9979-ef5027856b69,2024-09-27,2024-09-30,1519.06
5f8d789c-3de3-42a1-b5af-8e3f16400a19,3b4d4521-1829-4dd0-ab14-a4a4f0c9a8d1,f13c1117-d870-49c9-b177-f402cfc37775,2024-10-29,2024-11-05,977.25
df654e30-6dbc-4992-a5d8-1d345d359947,d04d996e-2ded-4792-b139-722fe85b863e,bf8d1cc3-96cd-4625-b74c-d86c02cce806,2024-10-17,2024-10-21,283.93
6d51pdmcu,Heather,219683e0-9dde-4a3a-be82-6aa6ca5f6b27,2024-12-09,2024-12-11,988.10
ej0fy9agk,6pa3jotj9,ebb1bbb6-26d3-4523-9fb0-a23871e87c42,2024-10-10,2024-10-12,241.6
durnhxj7w,3ahyt8t01,9003e9c2-9df7-45f4-9338-5652e7dd2603,2024-08-31,2024-09-01,61.45
uu6ubvpbf,k74p3hdht,7ca32614-3291-4942-94b5-9b9626066aad,2024-09-01,2024-10-01,2101.8
u73l2hkfq,3ahyt8t01,9f86d97e-cefa-430b-ad84-4fc929f45da7,2024-08-31,2024-09-01,127.67
nx1dbg2sk,3ahyt8t01,cecacf2a-9a50-49db-9324-2fbe71c949b9,2024-09-01,2024-09-08,955.71
s87phl2eu,60f08c5d-c8c5-4f16-b87d-5fe714909ce2,11b6e818-49be-4010-9d54-8218aae482e9,2024-09-01,2024-09-02,184.19
82gsmewi9,Rishabh,ebb1bbb6-26d3-4523-9fb0-a23871e87c42,2024-09-04,2024-09-05,120.8
i7jx9ybgx,3ahyt8t01,219683e0-9dde-4a3a-be82-6aa6ca5f6b27,2024-09-04,2024-09-05,494.05
5wu16ott4,3ahyt8t01,0995b1b4-bc9a-4fd3-a3fc-6aa7abb0f7d9,2024-09-04,2024-09-06,128.74
g75d96azc,3ahyt8t01,238ee27d-1684-4c3a-ba03-1fed5c8dead8,2024-09-05,2024-09-15,3069.2
